title,company
Python developer,Infosys
Python Developer,Infosys
Data Analyst,Jobs for Humanity
Analyst - Analytics,Publicis Media
Analyst - Analytics,Starcom
Analyst - Analytics,Lensa
Jr. Insights & Analytics Consultant,First & First Consulting
Analyst - Analytics,Starcom Georgia
Senior Data Analyst - Founding Team,Traba
Research Analyst,Customer Management Practice
Customer Success Analyst - Contract (6 months),Knotch
Industry Research Analyst - NY,IBISWorld
UI/UX Design Intern,Breeze Airwaysâ„¢
UI/UX Designer Intern,Recruit Forge
UX/UI Designer Intern,Bending Spoons
UI UX Designer Intern,Callus Company Inc.
UI/UX Designer Internship in Bangalore (Hybrid),eLoan Originators
UI/UX Designer,Heirloom Cloud Corporation
UI/UX Designer Intern,Xogar Games
UI/UX Designer,EBizCharge
UI/UX Design Intern,Adagrad AI
Full-Stack Web Developer,VeilSun, Inc.
Full-Stack Software Engineer,AidKit
Full-Stack Software Engineer,WorkBright
Front End React Developer,Kforce Inc
Full Stack Engineer â€” Front End Focused,CommonThread AI
Full Stack Developer - Mendix Expertise,VeilSun, Inc.
Frontend Developer,DataAnnotation
Frontend Software Engineer,Candid Health
Full-Stack React/Node.js Developer (ON-SITE),Ringy
Full-Stack AI Developer (ON-SITE),Ringy
Machine Learning Intern,Bindwell
Machine Learning Intern - Fall 2025,Netflix
Data Science Intern,Lensa
ML Engineer - AI Robotics (Intern),RoboForce
Point72 Quantitative Research Intern,Point72
DATA SCIENCE INTERNSHIP,Lensa
Artificial Intelligence Intern (Fall),PRGX Global Inc.
Software Intern - AI Compilers,Tenstorrent
Internship - AI Software Engineer,Lensa
Lead Python developer,CoreTek Labs
Java Full Stack Developer,Veracity Software Inc
Backend Engineer (Java) - All Levels - NYC,Medal
AI Full Stack Engineer - Manager,PwC Experience Center Stockholm
Senior Software Engineer - Frontend Platform,MongoDB
Senior Software Engineer (Frontend),Traba
Software Engineer Apprentice,IBM
Analytics Engineer (Hybrid),Weedmaps
Junior Developer,Summit Sky Consulting
Software Engineer (Intern),Naptha AI
Associate 1 Software Engineer,Aspyr
Software Engineer - New College Grad - 2025,Visa
Associate Software Engineer - US Based,OpenSesame
Software Engineer (SWE),CareYaya Health Technologies
Junior UI Developer,Blue Signal Search
HTML CSS Developer Apprentice,Innovate Solutions
Pessoa desenvolvedora frontend junior,Netvagas
Front-End Developer,Spiralyze
UI Developer,Infosys
Frontend Developer Trainee,Innovate Solutions
Junior Front-End Developer (React),Herzum
Fresh Graduate UI Developer,Ecom Experts | Shopify Plus Agency
UI DEVELOPER,Terralogic
Front End Engineer,Imprint
Frontend Software Engineer Graduate,ByteDance
Frontend Staff Engineer - Slack,Slack
Frontend Engineer,Read AI
Front-End Engineer - Pets,Amazon
Front-End R&D Engineer-Entry Level,Philips
MathGPT Frontend Engineer,Mathos AI
Junior Software Developer,University of York - Computer Science
Jr. Software Engineer,NetSfere
Software Engineer - New Grad & Junior,Jobright.ai
Junior Software Development Engineer in Test (SDET),HOPPR
Frontend Developer,Forbes Technical Consulting
Web Developer (Front-End),EverPass Media
Front-End Web Developer,PeopleCaddie
Web Developer,DataAnnotation
Web Developer,Canonical
Associate Director - Backend Developer,Apollo Global Management, Inc.
BCN Labs_ Associate - Front end developer,Tech Economy
Associate Full Stack Quality Developer,SAP
Senior DevOps-Backend Engineer (Java/AWS) (Remote),CashJar.com
Associate Full Stack Developer (f/m/d) Node.JS and Angular,SAP
SAP BTP Developer,DXC Technology
Associate Developer - Smartly,Datacom
SAP BTP Platform Engineer,DXC Technology
Backend Developer / FSD - Associate,Deutsche Bank
Full Stack Engineer,ReadMe
Frontend Engineer,Ritual
React JS Developer (Full Time) - 100% Remote,The Dignify Solutions, LLC
Junior Full Stack Engineer,Shields Group Search
Software Engineer - Web Full-Stack,Firsthand
FULL-STACK DEVELOPER,Five Blocks
Full Stack Engineer,Roboflow
Software Engineer - Mail (Frontend),Notion
Full Stack Engineer,Thesis
Full Stack Developer - Entry Level,Ricochet360
Interesting Job Opportunity: Frontend Developer - React.js,GRK Info Services Pvt Ltd
Jr. React Developer,WebFX
Jr. Front-End Web Developer,WebFX
Frontend Developer,trax.co ðŸ‡¨ðŸ‡¦
Junior Full-stack Developer (React.js + PHP),scandiweb
Frontend Developer,eranova
Software Engineer (Frontend) - TrainingPeaks,Peaksware Holdings, LLC
Simulator Engineer,Kairos Power
Entry Level Software Engineer,RippleMatch
Entry Level Programming Opportunity,Year Up United
Software Engineer I - Entry-Level,DoorDash
Senior Research Associate/Scientist,Frontage Laboratories, Inc
Entry Level Java Developer,Glint Tech Solutions
Member of the Technical Staff - AI,P-1 AI
Software Engineer - Algorithms,Heartflow
AI/ML Developer,PwC Acceleration Centers
Software Engineer â€“ Python Gen AI,Persistent Systems
Software Engineer - Machine Learning,Notion
Software/AI Engineer (New Grad),FurtherAI
AI/ML Engineer,CodeCraft Technologies Pvt Ltd
Junior AI/ML Engineer,TensorOps
AI/ML Software Engineer,Vividly
AI ML Engineer,Qualcomm
AI/ML Engineer,Veracity Software Inc
Artificial Intelligence Engineer (Fresh Grads),Emerson
Operating Room/Organ Preservation Technician,University Hospital
Physician Assistant - Per Diem,University Hospital
Physician Assistant - Otolaryngology - Head & Neck Surgery,University Hospital
Advanced Clinical Practice Team Supervisor,VNS Health
Business Analyst,Meds.com
Business Analyst,Sunrise Foods International
Business Analyst,The Office of Experience
Business Analyst â€“ Digital Commerce - Merchandising - and Analytics,Chamberlain Advisors
Business Analyst,Mitchell Martin Inc.
Business Analyst,Tata Consultancy Services
Business Analyst/Enterprise Data Management,Techstra Solutions
Business Analyst,Okta
Business Analyst - National Remote,Lensa
Business Analyst,AARATECH
Junior Cloud / Help Desk Tech,Matrix MSP, LLC
JR IT Associate,Stories of Tomorrow
Cloud Engineer,Devis
Cloud Engineer,Chainbridge Solutions
Senior Cloud Support Operations Engineer II,Strategy
Systems Engineer â€“ AWS Platform,Improvix Technologies
AWS Engineer,Guidehouse
Senior I IT Analyst,Tetra Tech
DevSecOps Engineer,iGov
Cloud Security Engineer,Steampunk, Inc.
Cloud Deployment Engineer,Solas IT Recruitment
DevOps Lead - L1,Wipro
OPERATIONS ENGINEER(DevOps),Enterprise Minds, Inc
DevOps Lead,edari
DevOps Lead - L2,Wipro
Systems Engineer (Entry-level - Associate or Mid-Level),Boeing
Systems Engineer Associate - Entry Level,Lockheed Martin
Infrastructure Site Reliability Engineer (Entry Level) - USDS,TikTok
Software Engineer - Data Processing (Entry-Level),Truveta
Cloud Engineer,Epic
Embedded Software Engineer,Kelly Science, Engineering, Technology & Telecom
UX/UI Designer,Odicci
UI/ UX Designer,Funnel Truffle
Digital Product Designer,Nike
Product Designer,Meta
Product Designer,Notion
Product Designer,StubHub
Product Designer,Blackbird Labs
Product Designer,Northeast Arc
Product Designer,Rockstar Games
Junior Product Designer,Tata Consultancy Services
Product Manager II - Notifications,Tinder
Product Manager I - YouTube Shorts,Google
Associate Product Manager,Firework
Product Manager,Asana
Associate Product Manager - New Grad,IXL Learning
Product Manager,TomoCredit
Product Manager,Check
Product,Nooks
Associate Product Manager,LaSalle Network
Associate Product Manager,Konami Gaming, Inc.
Assistant Product Manager,Road Runner Sports
Product Manager,Integral Molecular
Product Manager,Terumo Medical Corporation
Product Manager,Corpay
Associate Product Manager,Rust-Oleum Corporation
Associate Product Manager - Retail,PTC
Product Manager,Corpay Technologies
